api_order,api_text,class_dot,method_name,matched_count,matched_signatures
0,android.accounts.AccountManager addAccount,android.accounts.AccountManager,addAccount,0,[]
1,android.accounts.AccountManager addOnAccountsUpdatedListener,android.accounts.AccountManager,addOnAccountsUpdatedListener,0,[]
2,android.accounts.AccountManager blockingGetAuthToken,android.accounts.AccountManager,blockingGetAuthToken,0,[]
3,android.accounts.AccountManager confirmCredentials,android.accounts.AccountManager,confirmCredentials,0,[]
4,android.accounts.AccountManager editProperties,android.accounts.AccountManager,editProperties,0,[]
5,android.accounts.AccountManager getAccounts,android.accounts.AccountManager,getAccounts,0,[]
6,android.accounts.AccountManager getAccountsByType,android.accounts.AccountManager,getAccountsByType,0,[]
7,android.accounts.AccountManager getAccountsByTypeAndFeatures,android.accounts.AccountManager,getAccountsByTypeAndFeatures,0,[]
8,android.accounts.AccountManager getAuthToken,android.accounts.AccountManager,getAuthToken,0,[]
9,android.accounts.AccountManager getAuthTokenByFeatures,android.accounts.AccountManager,getAuthTokenByFeatures,0,[]
10,android.accounts.AccountManager getAuthTokenLabel,android.accounts.AccountManager,getAuthTokenLabel,0,[]
11,android.accounts.AccountManager hasFeatures,android.accounts.AccountManager,hasFeatures,0,[]
12,android.accounts.AccountManager removeAccount,android.accounts.AccountManager,removeAccount,0,[]
13,android.accounts.AccountManager updateCredentials,android.accounts.AccountManager,updateCredentials,0,[]
14,android.app.ActivityManager getRunningAppProcesses,android.app.ActivityManager,getRunningAppProcesses,0,[]
15,android.app.ActivityManager getRunningServices,android.app.ActivityManager,getRunningServices,0,[]
16,android.app.ActivityManager getRunningTasks,android.app.ActivityManager,getRunningTasks,0,[]
17,android.app.ActivityManager killBackgroundProcesses,android.app.ActivityManager,killBackgroundProcesses,0,[]
18,android.app.AlertDialog AlertDialog,android.app.AlertDialog,AlertDialog,0,[]
19,android.app.AlertDialog onCreate,android.app.AlertDialog,onCreate,0,[]
20,android.app.Application Application,android.app.Application,Application,0,[]
21,android.app.Application attachBaseContext,android.app.Application,attachBaseContext,0,[]
22,android.app.Application getDir,android.app.Application,getDir,0,[]
23,android.app.Application onCreate,android.app.Application,onCreate,0,[]
24,android.app.Dialog dispatchKeyEvent,android.app.Dialog,dispatchKeyEvent,0,[]
25,android.app.Dialog setOnKeyListener,android.app.Dialog,setOnKeyListener,0,[]
26,android.app.DownloadManager addCompletedDownload,android.app.DownloadManager,addCompletedDownload,0,[]
27,android.app.DownloadManager enqueue,android.app.DownloadManager,enqueue,0,[]
28,android.app.DownloadManager getUriForDownloadedFile,android.app.DownloadManager,getUriForDownloadedFile,0,[]
29,android.app.Instrumentation callActivityOnNewIntent,android.app.Instrumentation,callActivityOnNewIntent,0,[]
30,android.app.Instrumentation callActivityOnPostCreate,android.app.Instrumentation,callActivityOnPostCreate,0,[]
31,android.app.Instrumentation callActivityOnRestoreInstanceState,android.app.Instrumentation,callActivityOnRestoreInstanceState,0,[]
32,android.app.Instrumentation callActivityOnSaveInstanceState,android.app.Instrumentation,callActivityOnSaveInstanceState,0,[]
33,android.app.Instrumentation callActivityOnStart,android.app.Instrumentation,callActivityOnStart,0,[]
34,android.app.Instrumentation callActivityOnUserLeaving,android.app.Instrumentation,callActivityOnUserLeaving,0,[]
35,android.app.Instrumentation onException,android.app.Instrumentation,onException,0,[]
36,android.app.KeyguardManager exitKeyguardSecurely,android.app.KeyguardManager,exitKeyguardSecurely,0,[]
37,android.app.Service onConfigurationChanged,android.app.Service,onConfigurationChanged,0,[]
38,android.app.Service onLowMemory,android.app.Service,onLowMemory,0,[]
39,android.app.Service onStart,android.app.Service,onStart,0,[]
40,android.app.Service onStartCommand,android.app.Service,onStartCommand,0,[]
41,android.bluetooth.BluetoothAdapter getAddress,android.bluetooth.BluetoothAdapter,getAddress,0,[]
42,android.content.BroadcastReceiver abortBroadcast,android.content.BroadcastReceiver,abortBroadcast,0,[]
43,android.content.ContentResolver delete,android.content.ContentResolver,delete,0,[]
44,android.content.Context bindService,android.content.Context,bindService,0,[]
45,android.content.Context fileList,android.content.Context,fileList,0,[]
46,android.content.Context registerReceiver,android.content.Context,registerReceiver,0,[]
47,android.content.Context sendBroadcast,android.content.Context,sendBroadcast,0,[]
48,android.content.Context startActivity,android.content.Context,startActivity,0,[]
49,android.content.Context startService,android.content.Context,startService,0,[]
50,android.content.Context stopService,android.content.Context,stopService,0,[]
51,android.content.ContextWrapper createPackageContext,android.content.ContextWrapper,createPackageContext,0,[]
52,android.content.ContextWrapper removeStickyBroadcast,android.content.ContextWrapper,removeStickyBroadcast,0,[]
53,android.content.ContextWrapper sendBroadcast,android.content.ContextWrapper,sendBroadcast,0,[]
54,android.content.ContextWrapper sendBroadcastAsUser,android.content.ContextWrapper,sendBroadcastAsUser,0,[]
55,android.content.ContextWrapper sendOrderedBroadcast,android.content.ContextWrapper,sendOrderedBroadcast,0,[]
56,android.content.ContextWrapper sendOrderedBroadcastAsUser,android.content.ContextWrapper,sendOrderedBroadcastAsUser,0,[]
57,android.content.ContextWrapper sendStickyBroadcast,android.content.ContextWrapper,sendStickyBroadcast,0,[]
58,android.content.ContextWrapper sendStickyBroadcastAsUser,android.content.ContextWrapper,sendStickyBroadcastAsUser,0,[]
59,android.content.ContextWrapper sendStickyOrderedBroadcast,android.content.ContextWrapper,sendStickyOrderedBroadcast,0,[]
60,android.content.ContextWrapper sendStickyOrderedBroadcastAsUser,android.content.ContextWrapper,sendStickyOrderedBroadcastAsUser,0,[]
61,android.content.ContextWrapper stopService,android.content.ContextWrapper,stopService,0,[]
62,android.content.IntentFilter setPriority,android.content.IntentFilter,setPriority,0,[]
63,android.content.pm.PackageManager getPackageArchiveInfo,android.content.pm.PackageManager,getPackageArchiveInfo,0,[]
64,android.content.pm.ProviderInfo ProviderInfo,android.content.pm.ProviderInfo,ProviderInfo,0,[]
65,android.content.pm.ServiceInfo ServiceInfo,android.content.pm.ServiceInfo,ServiceInfo,0,[]
66,android.content.res.Configuration setToDefaults,android.content.res.Configuration,setToDefaults,0,[]
67,android.database.sqlite.SQLiteDatabase create,android.database.sqlite.SQLiteDatabase,create,0,[]
68,android.database.sqlite.SQLiteDatabase delete,android.database.sqlite.SQLiteDatabase,delete,0,[]
69,android.database.sqlite.SQLiteDatabase deleteDatabase,android.database.sqlite.SQLiteDatabase,deleteDatabase,0,[]
70,android.database.sqlite.SQLiteDatabase execSQL,android.database.sqlite.SQLiteDatabase,execSQL,0,[]
71,android.database.sqlite.SQLiteDatabase insert,android.database.sqlite.SQLiteDatabase,insert,0,[]
72,android.database.sqlite.SQLiteDatabase insertWithOnConflict,android.database.sqlite.SQLiteDatabase,insertWithOnConflict,0,[]
73,android.database.sqlite.SQLiteDatabase isOpen,android.database.sqlite.SQLiteDatabase,isOpen,0,[]
74,android.database.sqlite.SQLiteDatabase query,android.database.sqlite.SQLiteDatabase,query,0,[]
75,android.database.sqlite.SQLiteDatabase rawQuery,android.database.sqlite.SQLiteDatabase,rawQuery,0,[]
76,android.database.sqlite.SQLiteDatabase update,android.database.sqlite.SQLiteDatabase,update,0,[]
77,android.database.sqlite.SQLiteDatabase updateWithOnConflict,android.database.sqlite.SQLiteDatabase,updateWithOnConflict,0,[]
78,android.database.sqlite.SQLiteOpenHelper SQLiteOpenHelper,android.database.sqlite.SQLiteOpenHelper,SQLiteOpenHelper,0,[]
79,android.graphics.drawable.NinePatchDrawable NinePatchDrawable,android.graphics.drawable.NinePatchDrawable,NinePatchDrawable,0,[]
80,android.graphics.NinePatch isNinePatchChunk,android.graphics.NinePatch,isNinePatchChunk,0,[]
81,android.hardware.Camera open,android.hardware.Camera,open,0,[]
82,android.hardware.Sensor getName,android.hardware.Sensor,getName,0,[]
83,android.hardware.Sensor getVendor,android.hardware.Sensor,getVendor,0,[]
84,android.hardware.Sensor getVersion,android.hardware.Sensor,getVersion,0,[]
85,android.inputmethodservice.KeyboardView swipeDown,android.inputmethodservice.KeyboardView,swipeDown,0,[]
86,android.inputmethodservice.KeyboardView swipeRight,android.inputmethodservice.KeyboardView,swipeRight,0,[]
87,android.location.LocationManager addGpsStatusListener,android.location.LocationManager,addGpsStatusListener,0,[]
88,android.location.LocationManager addNmeaListener,android.location.LocationManager,addNmeaListener,0,[]
89,android.location.LocationManager addProximityAlert,android.location.LocationManager,addProximityAlert,0,[]
90,android.location.LocationManager getBestProvider,android.location.LocationManager,getBestProvider,0,[]
91,android.location.LocationManager getLastKnownLocation,android.location.LocationManager,getLastKnownLocation,0,[]
92,android.location.LocationManager getProvider,android.location.LocationManager,getProvider,0,[]
93,android.location.LocationManager getProviders,android.location.LocationManager,getProviders,0,[]
94,android.location.LocationManager isProviderEnabled,android.location.LocationManager,isProviderEnabled,0,[]
95,android.location.LocationManager requestLocationUpdates,android.location.LocationManager,requestLocationUpdates,0,[]
96,android.location.LocationManager requestSingleUpdate,android.location.LocationManager,requestSingleUpdate,0,[]
97,android.location.LocationManager sendExtraCommand,android.location.LocationManager,sendExtraCommand,0,[]
98,android.location.LocationManager setTestProviderEnabled,android.location.LocationManager,setTestProviderEnabled,0,[]
99,android.media.AudioRecord AudioRecord,android.media.AudioRecord,AudioRecord,0,[]
100,android.media.MediaRecorder setAudioSource,android.media.MediaRecorder,setAudioSource,0,[]
101,android.media.MediaRecorder setVideoSource,android.media.MediaRecorder,setVideoSource,0,[]
102,android.net.ConnectivityManager startUsingNetworkFeature,android.net.ConnectivityManager,startUsingNetworkFeature,0,[]
103,android.net.NetworkInfo getExtraInfo,android.net.NetworkInfo,getExtraInfo,0,[]
104,android.net.NetworkInfo isAvailable,android.net.NetworkInfo,isAvailable,0,[]
105,android.net.Proxy getDefaultHost,android.net.Proxy,getDefaultHost,0,[]
106,android.net.Proxy getDefaultPort,android.net.Proxy,getDefaultPort,0,[]
107,android.net.sip.SipManager close,android.net.sip.SipManager,close,0,[]
108,android.net.sip.SipManager createSipSession,android.net.sip.SipManager,createSipSession,0,[]
109,android.net.sip.SipManager getSessionFor,android.net.sip.SipManager,getSessionFor,0,[]
110,android.net.sip.SipManager isOpened,android.net.sip.SipManager,isOpened,0,[]
111,android.net.sip.SipManager isRegistered,android.net.sip.SipManager,isRegistered,0,[]
112,android.net.sip.SipManager makeAudioCall,android.net.sip.SipManager,makeAudioCall,0,[]
113,android.net.sip.SipManager open,android.net.sip.SipManager,open,0,[]
114,android.net.sip.SipManager register,android.net.sip.SipManager,register,0,[]
115,android.net.sip.SipManager setRegistrationListener,android.net.sip.SipManager,setRegistrationListener,0,[]
116,android.net.sip.SipManager takeAudioCall,android.net.sip.SipManager,takeAudioCall,0,[]
117,android.net.sip.SipManager unregister,android.net.sip.SipManager,unregister,0,[]
118,android.net.SSLCertificateSocketFactory getHttpSocketFactory,android.net.SSLCertificateSocketFactory,getHttpSocketFactory,0,[]
119,android.net.wifi.WifiManager disableNetwork,android.net.wifi.WifiManager,disableNetwork,0,[]
120,android.net.wifi.WifiManager disconnect,android.net.wifi.WifiManager,disconnect,0,[]
121,android.net.wifi.WifiManager enableNetwork,android.net.wifi.WifiManager,enableNetwork,0,[]
122,android.net.wifi.WifiManager getConfiguredNetworks,android.net.wifi.WifiManager,getConfiguredNetworks,0,[]
123,android.net.wifi.WifiManager isWifiEnabled,android.net.wifi.WifiManager,isWifiEnabled,0,[]
124,android.net.wifi.WifiManager saveConfiguration,android.net.wifi.WifiManager,saveConfiguration,0,[]
125,android.net.wifi.WifiManager setWifiEnabled,android.net.wifi.WifiManager,setWifiEnabled,0,[]
126,android.net.wifi.WifiManager updateNetwork,android.net.wifi.WifiManager,updateNetwork,0,[]
127,android.os.Bundle getClassLoader,android.os.Bundle,getClassLoader,0,[]
128,android.os.Environment getDataDirectory,android.os.Environment,getDataDirectory,0,[]
129,android.os.Environment getDownloadCacheDirectory,android.os.Environment,getDownloadCacheDirectory,0,[]
130,android.os.Environment getExternalStorageDirectory,android.os.Environment,getExternalStorageDirectory,0,[]
131,android.os.Environment getExternalStoragePublicDirectory,android.os.Environment,getExternalStoragePublicDirectory,0,[]
132,android.os.Environment getRootDirectory,android.os.Environment,getRootDirectory,0,[]
133,android.os.HandlerThread isAlive,android.os.HandlerThread,isAlive,0,[]
134,android.os.PowerManager newWakeLock,android.os.PowerManager,newWakeLock,0,[]
135,android.os.storage.StorageManager getPrimaryStorageVolume,android.os.storage.StorageManager,getPrimaryStorageVolume,0,[]
136,android.os.storage.StorageManager getStorageVolumes,android.os.storage.StorageManager,getStorageVolumes,0,[]
137,android.provider.Browser addSearchUrl,android.provider.Browser,addSearchUrl,0,[]
138,android.provider.Browser clearHistory,android.provider.Browser,clearHistory,0,[]
139,android.provider.Browser clearSearches,android.provider.Browser,clearSearches,0,[]
140,android.provider.Browser deleteFromHistory,android.provider.Browser,deleteFromHistory,0,[]
141,android.provider.Browser deleteHistoryTimeFrame,android.provider.Browser,deleteHistoryTimeFrame,0,[]
142,android.provider.Browser truncateHistory,android.provider.Browser,truncateHistory,0,[]
143,android.provider.Browser updateVisitedHistory,android.provider.Browser,updateVisitedHistory,0,[]
144,android.provider.CalendarContract insert,android.provider.CalendarContract,insert,0,[]
145,android.provider.CalendarContract query,android.provider.CalendarContract,query,0,[]
146,android.provider.CallLog getLastOutgoingCall,android.provider.CallLog,getLastOutgoingCall,0,[]
147,android.provider.Contacts addPostalLocation,android.provider.Contacts,addPostalLocation,0,[]
148,android.provider.Contacts addToGroup,android.provider.Contacts,addToGroup,0,[]
149,android.provider.Contacts addToMyContactsGroup,android.provider.Contacts,addToMyContactsGroup,0,[]
150,android.provider.Contacts createPersonInMyContactsGroup,android.provider.Contacts,createPersonInMyContactsGroup,0,[]
151,android.provider.Contacts getSetting,android.provider.Contacts,getSetting,0,[]
152,android.provider.Contacts markAsContacted,android.provider.Contacts,markAsContacted,0,[]
153,android.provider.Contacts queryGroups,android.provider.Contacts,queryGroups,0,[]
154,android.provider.Contacts setSetting,android.provider.Contacts,setSetting,0,[]
155,android.provider.ContactsContract get,android.provider.ContactsContract,get,0,[]
156,android.provider.ContactsContract getContactLookupUri,android.provider.ContactsContract,getContactLookupUri,0,[]
157,android.provider.ContactsContract getLookupUri,android.provider.ContactsContract,getLookupUri,0,[]
158,android.provider.ContactsContract getWithUri,android.provider.ContactsContract,getWithUri,0,[]
159,android.provider.ContactsContract markAsContacted,android.provider.ContactsContract,markAsContacted,0,[]
160,android.provider.ContactsContract newSetOperation,android.provider.ContactsContract,newSetOperation,0,[]
161,android.provider.ContactsContract notifyDirectoryChange,android.provider.ContactsContract,notifyDirectoryChange,0,[]
162,android.provider.ContactsContract set,android.provider.ContactsContract,set,0,[]
163,android.provider.VoicemailContract buildSourceUri,android.provider.VoicemailContract,buildSourceUri,0,[]
164,android.speech.SpeechRecognizer cancel,android.speech.SpeechRecognizer,cancel,0,[]
165,android.speech.SpeechRecognizer setRecognitionListener,android.speech.SpeechRecognizer,setRecognitionListener,0,[]
166,android.speech.SpeechRecognizer startListening,android.speech.SpeechRecognizer,startListening,0,[]
167,android.speech.SpeechRecognizer stopListening,android.speech.SpeechRecognizer,stopListening,0,[]
168,android.telecom.TelecomManager isInCall,android.telecom.TelecomManager,isInCall,0,[]
169,android.telecom.TelecomManager showInCallScreen,android.telecom.TelecomManager,showInCallScreen,0,[]
170,android.telephony.cdma.CdmaCellLocation getBaseStationId,android.telephony.cdma.CdmaCellLocation,getBaseStationId,0,[]
171,android.telephony.cdma.CdmaCellLocation getBaseStationLatitude,android.telephony.cdma.CdmaCellLocation,getBaseStationLatitude,0,[]
172,android.telephony.cdma.CdmaCellLocation getBaseStationLongitude,android.telephony.cdma.CdmaCellLocation,getBaseStationLongitude,0,[]
173,android.telephony.cdma.CdmaCellLocation getNetworkId,android.telephony.cdma.CdmaCellLocation,getNetworkId,0,[]
174,android.telephony.cdma.CdmaCellLocation getSystemId,android.telephony.cdma.CdmaCellLocation,getSystemId,0,[]
175,android.telephony.gsm.GsmCellLocation getCid,android.telephony.gsm.GsmCellLocation,getCid,0,[]
176,android.telephony.gsm.GsmCellLocation getLac,android.telephony.gsm.GsmCellLocation,getLac,0,[]
177,android.telephony.gsm.SmsManager divideMessage,android.telephony.gsm.SmsManager,divideMessage,0,[]
178,android.telephony.gsm.SmsManager getDefault,android.telephony.gsm.SmsManager,getDefault,0,[]
179,android.telephony.gsm.SmsManager sendDataMessage,android.telephony.gsm.SmsManager,sendDataMessage,0,[]
180,android.telephony.gsm.SmsManager sendMultipartTextMessage,android.telephony.gsm.SmsManager,sendMultipartTextMessage,0,[]
181,android.telephony.gsm.SmsManager sendTextMessage,android.telephony.gsm.SmsManager,sendTextMessage,0,[]
182,android.telephony.PhoneNumberUtils isVoiceMailNumber,android.telephony.PhoneNumberUtils,isVoiceMailNumber,0,[]
183,android.telephony.PhoneStateListener onSignalStrengthsChanged,android.telephony.PhoneStateListener,onSignalStrengthsChanged,0,[]
184,android.telephony.SignalStrength getCdmaDbm,android.telephony.SignalStrength,getCdmaDbm,0,[]
185,android.telephony.SignalStrength getCdmaEcio,android.telephony.SignalStrength,getCdmaEcio,0,[]
186,android.telephony.SignalStrength getEvdoDbm,android.telephony.SignalStrength,getEvdoDbm,0,[]
187,android.telephony.SignalStrength getEvdoSnr,android.telephony.SignalStrength,getEvdoSnr,0,[]
188,android.telephony.SignalStrength getGsmSignalStrength,android.telephony.SignalStrength,getGsmSignalStrength,0,[]
189,android.telephony.SignalStrength isGsm,android.telephony.SignalStrength,isGsm,0,[]
190,android.telephony.SmsManager divideMessage,android.telephony.SmsManager,divideMessage,0,[]
191,android.telephony.SmsManager downloadMultimediaMessage,android.telephony.SmsManager,downloadMultimediaMessage,0,[]
192,android.telephony.SmsManager getDefault,android.telephony.SmsManager,getDefault,0,[]
193,android.telephony.SmsManager sendDataMessage,android.telephony.SmsManager,sendDataMessage,0,[]
194,android.telephony.SmsManager sendMultimediaMessage,android.telephony.SmsManager,sendMultimediaMessage,0,[]
195,android.telephony.SmsManager sendMultipartTextMessage,android.telephony.SmsManager,sendMultipartTextMessage,0,[]
196,android.telephony.SmsManager sendTextMessage,android.telephony.SmsManager,sendTextMessage,0,[]
197,android.telephony.SmsMessage createFromPdu,android.telephony.SmsMessage,createFromPdu,0,[]
198,android.telephony.SmsMessage getDisplayMessageBody,android.telephony.SmsMessage,getDisplayMessageBody,0,[]
199,android.telephony.SmsMessage getDisplayOriginatingAddress,android.telephony.SmsMessage,getDisplayOriginatingAddress,0,[]
200,android.telephony.SmsMessage getMessageBody,android.telephony.SmsMessage,getMessageBody,0,[]
201,android.telephony.SmsMessage getOriginatingAddress,android.telephony.SmsMessage,getOriginatingAddress,0,[]
202,android.telephony.SubscriptionManager addOnSubscriptionsChangedListener,android.telephony.SubscriptionManager,addOnSubscriptionsChangedListener,0,[]
203,android.telephony.SubscriptionManager getActiveSubscriptionInfo,android.telephony.SubscriptionManager,getActiveSubscriptionInfo,0,[]
204,android.telephony.SubscriptionManager getActiveSubscriptionInfoCount,android.telephony.SubscriptionManager,getActiveSubscriptionInfoCount,0,[]
205,android.telephony.SubscriptionManager getActiveSubscriptionInfoForSimSlotIndex,android.telephony.SubscriptionManager,getActiveSubscriptionInfoForSimSlotIndex,0,[]
206,android.telephony.SubscriptionManager getActiveSubscriptionInfoList,android.telephony.SubscriptionManager,getActiveSubscriptionInfoList,0,[]
207,android.telephony.TelephonyManager getAllCellInfo,android.telephony.TelephonyManager,getAllCellInfo,0,[]
208,android.telephony.TelephonyManager getCellLocation,android.telephony.TelephonyManager,getCellLocation,0,[]
209,android.telephony.TelephonyManager getDeviceId,android.telephony.TelephonyManager,getDeviceId,0,[]
210,android.telephony.TelephonyManager getDeviceSoftwareVersion,android.telephony.TelephonyManager,getDeviceSoftwareVersion,0,[]
211,android.telephony.TelephonyManager getGroupIdLevel1,android.telephony.TelephonyManager,getGroupIdLevel1,0,[]
212,android.telephony.TelephonyManager getLine1Number,android.telephony.TelephonyManager,getLine1Number,0,[]
213,android.telephony.TelephonyManager getNeighboringCellInfo,android.telephony.TelephonyManager,getNeighboringCellInfo,0,[]
214,android.telephony.TelephonyManager getSimSerialNumber,android.telephony.TelephonyManager,getSimSerialNumber,0,[]
215,android.telephony.TelephonyManager getSimState,android.telephony.TelephonyManager,getSimState,0,[]
216,android.telephony.TelephonyManager getSubscriberId,android.telephony.TelephonyManager,getSubscriberId,0,[]
217,android.telephony.TelephonyManager getVoiceMailAlphaTag,android.telephony.TelephonyManager,getVoiceMailAlphaTag,0,[]
218,android.telephony.TelephonyManager getVoiceMailNumber,android.telephony.TelephonyManager,getVoiceMailNumber,0,[]
219,android.telephony.TelephonyManager listen,android.telephony.TelephonyManager,listen,0,[]
220,android.text.Editable toString,android.text.Editable,toString,0,[]
221,android.text.format.Time set,android.text.format.Time,set,0,[]
222,android.text.format.Time Time,android.text.format.Time,Time,0,[]
223,android.text.format.Time toMillis,android.text.format.Time,toMillis,0,[]
224,android.util.Base64 decode,android.util.Base64,decode,0,[]
225,android.util.Base64 encode,android.util.Base64,encode,0,[]
226,android.view.animation.AlphaAnimation start,android.view.animation.AlphaAnimation,start,0,[]
227,android.view.inputmethod.InputMethodManager showInputMethodAndSubtypeEnabler,android.view.inputmethod.InputMethodManager,showInputMethodAndSubtypeEnabler,0,[]
228,android.view.ViewGroup addView,android.view.ViewGroup,addView,0,[]
229,android.view.ViewManager addView,android.view.ViewManager,addView,0,[]
230,android.view.ViewManager removeView,android.view.ViewManager,removeView,0,[]
231,android.view.Window getLayoutInflater,android.view.Window,getLayoutInflater,0,[]
232,android.view.Window setIcon,android.view.Window,setIcon,0,[]
233,android.view.Window setLogo,android.view.Window,setLogo,0,[]
234,android.view.WindowManager aadView,android.view.WindowManager,aadView,0,[]
235,android.webkit.CookieManager removeAllCookie,android.webkit.CookieManager,removeAllCookie,0,[]
236,android.webkit.WebChromeClient onRequestFocus,android.webkit.WebChromeClient,onRequestFocus,0,[]
237,android.webkit.WebSettings getMinimumFontSize,android.webkit.WebSettings,getMinimumFontSize,0,[]
238,android.webkit.WebSettings setDefaultZoom,android.webkit.WebSettings,setDefaultZoom,0,[]
239,android.webkit.WebSettings setMinimumFontSize,android.webkit.WebSettings,setMinimumFontSize,0,[]
240,android.webkit.WebSettings setTextSize,android.webkit.WebSettings,setTextSize,0,[]
241,android.webkit.WebView getVisibility,android.webkit.WebView,getVisibility,0,[]
242,android.webkit.WebView removeAllViews,android.webkit.WebView,removeAllViews,0,[]
243,android.webkit.WebView removeJavascriptInterface,android.webkit.WebView,removeJavascriptInterface,0,[]
244,android.webkit.WebView saveWebArchive,android.webkit.WebView,saveWebArchive,0,[]
245,android.webkit.WebView setDownloadListener,android.webkit.WebView,setDownloadListener,0,[]
246,android.webkit.WebView setTag,android.webkit.WebView,setTag,0,[]
247,android.webkit.WebView setVerticalScrollbarOverlay,android.webkit.WebView,setVerticalScrollbarOverlay,0,[]
248,android.widget.Button setLeft,android.widget.Button,setLeft,0,[]
249,android.widget.CheckBox getTextColors,android.widget.CheckBox,getTextColors,0,[]
250,android.widget.EditText getContext,android.widget.EditText,getContext,0,[]
251,android.widget.EditText setFocusable,android.widget.EditText,setFocusable,0,[]
252,android.widget.EditText setFocusableInTouchMode,android.widget.EditText,setFocusableInTouchMode,0,[]
253,android.widget.EditText setGravity,android.widget.EditText,setGravity,0,[]
254,android.widget.EditText setTextSize,android.widget.EditText,setTextSize,0,[]
255,android.widget.LinearLayout setBackgroundDrawable,android.widget.LinearLayout,setBackgroundDrawable,0,[]
256,android.widget.LinearLayout setMinimumWidth,android.widget.LinearLayout,setMinimumWidth,0,[]
257,android.widget.QuickContactBadge assignContactFromEmail,android.widget.QuickContactBadge,assignContactFromEmail,0,[]
258,android.widget.QuickContactBadge assignContactFromPhone,android.widget.QuickContactBadge,assignContactFromPhone,0,[]
259,android.widget.QuickContactBadge onClick,android.widget.QuickContactBadge,onClick,0,[]
260,android.widget.RadioButton isChecked,android.widget.RadioButton,isChecked,0,[]
261,android.widget.RadioButton setOnCheckedChangeListener,android.widget.RadioButton,setOnCheckedChangeListener,0,[]
262,android.widget.TextView setText,android.widget.TextView,setText,0,[]
263,android.widget.Toast cancel,android.widget.Toast,cancel,0,[]
264,dalvik.system.BaseDexClassLoader BaseDexClassLoader,dalvik.system.BaseDexClassLoader,BaseDexClassLoader,0,[]
265,dalvik.system.DexClassLoader DexClassLoader,dalvik.system.DexClassLoader,DexClassLoader,0,[]
266,dalvik.system.DexClassLoader findLibrary,dalvik.system.DexClassLoader,findLibrary,0,[]
267,dalvik.system.DexFile DexFile,dalvik.system.DexFile,DexFile,0,[]
268,dalvik.system.InMemoryDexClassLoader InMemoryDexClassLoader,dalvik.system.InMemoryDexClassLoader,InMemoryDexClassLoader,0,[]
269,dalvik.system.PathClassLoader PathClassLoader,dalvik.system.PathClassLoader,PathClassLoader,0,[]
270,java.io.BufferedInputStream mark,java.io.BufferedInputStream,mark,0,[]
271,java.io.BufferedInputStream reset,java.io.BufferedInputStream,reset,0,[]
272,java.io.BufferedReader ready,java.io.BufferedReader,ready,0,[]
273,java.io.BufferedWriter close,java.io.BufferedWriter,close,0,[]
274,java.io.BufferedWriter write,java.io.BufferedWriter,write,0,[]
275,java.io.ByteArrayOutputStream reset,java.io.ByteArrayOutputStream,reset,0,[]
276,java.io.DataInputStream readLine,java.io.DataInputStream,readLine,0,[]
277,java.io.File createNewFile,java.io.File,createNewFile,0,[]
278,java.io.File delete,java.io.File,delete,0,[]
279,java.io.File list,java.io.File,list,0,[]
280,java.io.File listFiles,java.io.File,listFiles,0,[]
281,java.io.File mkdir,java.io.File,mkdir,0,[]
282,java.io.File renameTo,java.io.File,renameTo,0,[]
283,java.io.FileNotFoundException toString,java.io.FileNotFoundException,toString,0,[]
284,java.io.FileOutputStream write,java.io.FileOutputStream,write,0,[]
285,java.io.FileReader read,java.io.FileReader,read,0,[]
286,java.io.FileWriter close,java.io.FileWriter,close,0,[]
287,java.io.FileWriter write,java.io.FileWriter,write,0,[]
288,java.io.LineNumberReader close,java.io.LineNumberReader,close,0,[]
289,java.io.LineNumberReader LineNumberReader,java.io.LineNumberReader,LineNumberReader,0,[]
290,java.io.LineNumberReader readLine,java.io.LineNumberReader,readLine,0,[]
291,java.io.OutputStreamWriter close,java.io.OutputStreamWriter,close,0,[]
292,java.io.OutputStreamWriter flush,java.io.OutputStreamWriter,flush,0,[]
293,java.io.Reader markSupported,java.io.Reader,markSupported,0,[]
294,java.io.StringReader close,java.io.StringReader,close,0,[]
295,java.io.UnsupportedEncodingException initCause,java.io.UnsupportedEncodingException,initCause,0,[]
296,java.lang.Character Character,java.lang.Character,Character,0,[]
297,java.lang.Character toTitleCase,java.lang.Character,toTitleCase,0,[]
298,java.lang.Class forName,java.lang.Class,forName,0,[]
299,java.lang.Class getDeclaredField,java.lang.Class,getDeclaredField,0,[]
300,java.lang.Class getDeclaredMethod,java.lang.Class,getDeclaredMethod,0,[]
301,java.lang.Class getDeclaredMethods,java.lang.Class,getDeclaredMethods,0,[]
302,java.lang.ClassLoader ClassLoader,java.lang.ClassLoader,ClassLoader,0,[]
303,java.lang.ClassLoader getParent,java.lang.ClassLoader,getParent,0,[]
304,java.lang.Exception fillInStackTrace,java.lang.Exception,fillInStackTrace,0,[]
305,java.lang.Float Float,java.lang.Float,Float,0,[]
306,java.lang.IllegalAccessError printStackTrace,java.lang.IllegalAccessError,printStackTrace,0,[]
307,java.lang.Integer byteValue,java.lang.Integer,byteValue,0,[]
308,java.lang.NumberFormatException printStackTrace,java.lang.NumberFormatException,printStackTrace,0,[]
309,java.lang.Process destroy,java.lang.Process,destroy,0,[]
310,java.lang.Process getInputStream,java.lang.Process,getInputStream,0,[]
311,java.lang.Process getOutputStream,java.lang.Process,getOutputStream,0,[]
312,java.lang.Process waitFor,java.lang.Process,waitFor,0,[]
313,java.lang.ProcessBuilder ProcessBuilder,java.lang.ProcessBuilder,ProcessBuilder,0,[]
314,java.lang.ProcessBuilder redirectErrorStream,java.lang.ProcessBuilder,redirectErrorStream,0,[]
315,java.lang.ProcessBuilder start,java.lang.ProcessBuilder,start,0,[]
316,java.lang.reflect.AccessibleObject setAccessible,java.lang.reflect.AccessibleObject,setAccessible,0,[]
317,java.lang.reflect.InvocationTargetException printStackTrace,java.lang.reflect.InvocationTargetException,printStackTrace,0,[]
318,java.lang.reflect.Method invoke,java.lang.reflect.Method,invoke,0,[]
319,java.lang.reflect.Proxy newProxyInstance,java.lang.reflect.Proxy,newProxyInstance,0,[]
320,java.lang.Runtime exec,java.lang.Runtime,exec,0,[]
321,java.lang.Runtime getRuntime,java.lang.Runtime,getRuntime,0,[]
322,java.lang.Runtime load,java.lang.Runtime,load,0,[]
323,java.lang.Runtime loadLibrary,java.lang.Runtime,loadLibrary,0,[]
324,java.lang.StringBuffer ensureCapacity,java.lang.StringBuffer,ensureCapacity,0,[]
325,java.lang.StringBuffer substring,java.lang.StringBuffer,substring,0,[]
326,java.math.BigInteger divideAndRemainder,java.math.BigInteger,divideAndRemainder,0,[]
327,java.net.HttpURLConnection connect,java.net.HttpURLConnection,connect,0,[]
328,java.net.NetworkInterface getByName,java.net.NetworkInterface,getByName,0,[]
329,java.net.NetworkInterface getDisplayName,java.net.NetworkInterface,getDisplayName,0,[]
330,java.net.NetworkInterface getInetAddresses,java.net.NetworkInterface,getInetAddresses,0,[]
331,java.net.Proxy Proxy,java.net.Proxy,Proxy,0,[]
332,java.net.Socket connect,java.net.Socket,connect,0,[]
333,java.net.SocketException printStackTrace,java.net.SocketException,printStackTrace,0,[]
334,java.net.SocketTimeoutException printStackTrace,java.net.SocketTimeoutException,printStackTrace,0,[]
335,java.net.URISyntaxException getCause,java.net.URISyntaxException,getCause,0,[]
336,java.net.URL getDefaultPort,java.net.URL,getDefaultPort,0,[]
337,java.net.URLClassLoader loadClass,java.net.URLClassLoader,loadClass,0,[]
338,java.net.URLClassLoader URLClassLoader,java.net.URLClassLoader,URLClassLoader,0,[]
339,java.net.URLConnection connect,java.net.URLConnection,connect,0,[]
340,java.net.URLConnection getHeaderField,java.net.URLConnection,getHeaderField,0,[]
341,java.net.URLConnection setDoInput,java.net.URLConnection,setDoInput,0,[]
342,java.nio.channels.FileChannel lock,java.nio.channels.FileChannel,lock,0,[]
343,java.nio.channels.FileLock release,java.nio.channels.FileLock,release,0,[]
344,java.nio.charset.CoderResult isError,java.nio.charset.CoderResult,isError,0,[]
345,java.nio.charset.CoderResult isOverflow,java.nio.charset.CoderResult,isOverflow,0,[]
346,java.nio.charset.CoderResult toString,java.nio.charset.CoderResult,toString,0,[]
347,java.nio.charset.IllegalCharsetNameException IllegalCharsetNameException,java.nio.charset.IllegalCharsetNameException,IllegalCharsetNameException,0,[]
348,java.security.cert.Certificate getPublicKey,java.security.cert.Certificate,getPublicKey,0,[]
349,java.security.cert.CertificateEncodingException printStackTrace,java.security.cert.CertificateEncodingException,printStackTrace,0,[]
350,java.security.cert.CertificateException printStackTrace,java.security.cert.CertificateException,printStackTrace,0,[]
351,java.security.DigestInputStream DigestInputStream,java.security.DigestInputStream,DigestInputStream,0,[]
352,java.security.DigestInputStream getMessageDigest,java.security.DigestInputStream,getMessageDigest,0,[]
353,java.security.DigestInputStream read,java.security.DigestInputStream,read,0,[]
354,java.security.interfaces.RSAPrivateKey getModulus,java.security.interfaces.RSAPrivateKey,getModulus,0,[]
355,java.security.interfaces.RSAPublicKey getModulus,java.security.interfaces.RSAPublicKey,getModulus,0,[]
356,java.security.InvalidAlgorithmParameterException printStackTrace,java.security.InvalidAlgorithmParameterException,printStackTrace,0,[]
357,java.security.InvalidKeyException printStackTrace,java.security.InvalidKeyException,printStackTrace,0,[]
358,java.security.Key getEncoded,java.security.Key,getEncoded,0,[]
359,java.security.SecureRandom setSeed,java.security.SecureRandom,setSeed,0,[]
360,java.security.Security setProperty,java.security.Security,setProperty,0,[]
361,java.security.spec.RSAPrivateCrtKeySpec RSAPrivateCrtKeySpec,java.security.spec.RSAPrivateCrtKeySpec,RSAPrivateCrtKeySpec,0,[]
362,java.security.spec.RSAPrivateKeySpec RSAPrivateKeySpec,java.security.spec.RSAPrivateKeySpec,RSAPrivateKeySpec,0,[]
363,java.security.spec.RSAPublicKeySpec RSAPublicKeySpec,java.security.spec.RSAPublicKeySpec,RSAPublicKeySpec,0,[]
364,java.text.DateFormat getInstance,java.text.DateFormat,getInstance,0,[]
365,java.text.SimpleDateFormat applyLocalizedPattern,java.text.SimpleDateFormat,applyLocalizedPattern,0,[]
366,java.text.SimpleDateFormat applyPattern,java.text.SimpleDateFormat,applyPattern,0,[]
367,java.util.concurrent.FutureTask done,java.util.concurrent.FutureTask,done,0,[]
368,java.util.concurrent.ScheduledExecutorService awaitTermination,java.util.concurrent.ScheduledExecutorService,awaitTermination,0,[]
369,java.util.concurrent.ThreadPoolExecutor getActiveCount,java.util.concurrent.ThreadPoolExecutor,getActiveCount,0,[]
370,java.util.concurrent.ThreadPoolExecutor getCompletedTaskCount,java.util.concurrent.ThreadPoolExecutor,getCompletedTaskCount,0,[]
371,java.util.concurrent.ThreadPoolExecutor getTaskCount,java.util.concurrent.ThreadPoolExecutor,getTaskCount,0,[]
372,java.util.Date toLocaleString,java.util.Date,toLocaleString,0,[]
373,java.util.Hashtable keys,java.util.Hashtable,keys,0,[]
374,java.util.jar.Attributes Attributes,java.util.jar.Attributes,Attributes,0,[]
375,java.util.jar.Attributes putAll,java.util.jar.Attributes,putAll,0,[]
376,java.util.jar.Attributes putValue,java.util.jar.Attributes,putValue,0,[]
377,java.util.jar.JarEntry getName,java.util.jar.JarEntry,getName,0,[]
378,java.util.jar.JarFile close,java.util.jar.JarFile,close,0,[]
379,java.util.jar.JarFile entries,java.util.jar.JarFile,entries,0,[]
380,java.util.jar.JarFile JarFile,java.util.jar.JarFile,JarFile,0,[]
381,java.util.jar.Manifest read,java.util.jar.Manifest,read,0,[]
382,java.util.Properties put,java.util.Properties,put,0,[]
383,java.util.Properties store,java.util.Properties,store,0,[]
384,java.util.SortedMap putAll,java.util.SortedMap,putAll,0,[]
385,java.util.SortedSet addAll,java.util.SortedSet,addAll,0,[]
386,java.util.SortedSet iterator,java.util.SortedSet,iterator,0,[]
387,java.util.WeakHashMap keySet,java.util.WeakHashMap,keySet,0,[]
388,java.util.WeakHashMap size,java.util.WeakHashMap,size,0,[]
389,java.util.zip.Adler32 Adler32,java.util.zip.Adler32,Adler32,0,[]
390,java.util.zip.Adler32 getValue,java.util.zip.Adler32,getValue,0,[]
391,java.util.zip.Adler32 reset,java.util.zip.Adler32,reset,0,[]
392,java.util.zip.Adler32 update,java.util.zip.Adler32,update,0,[]
393,java.util.zip.Deflater Deflater,java.util.zip.Deflater,Deflater,0,[]
394,java.util.zip.Deflater finished,java.util.zip.Deflater,finished,0,[]
395,java.util.zip.GZIPOutputStream finish,java.util.zip.GZIPOutputStream,finish,0,[]
396,java.util.zip.GZIPOutputStream flush,java.util.zip.GZIPOutputStream,flush,0,[]
397,java.util.zip.ZipEntry setCompressedSize,java.util.zip.ZipEntry,setCompressedSize,0,[]
398,javax.crypto.BadPaddingException printStackTrace,javax.crypto.BadPaddingException,printStackTrace,0,[]
399,javax.crypto.Cipher doFinal,javax.crypto.Cipher,doFinal,0,[]
400,javax.crypto.Cipher getBlockSize,javax.crypto.Cipher,getBlockSize,0,[]
401,javax.crypto.Cipher getInstance,javax.crypto.Cipher,getInstance,0,[]
402,javax.crypto.Cipher init,javax.crypto.Cipher,init,0,[]
403,javax.crypto.CipherOutputStream close,javax.crypto.CipherOutputStream,close,0,[]
404,javax.crypto.CipherOutputStream flush,javax.crypto.CipherOutputStream,flush,0,[]
405,javax.crypto.CipherOutputStream write,javax.crypto.CipherOutputStream,write,0,[]
406,javax.crypto.EncryptedPrivateKeyInfo getKeySpec,javax.crypto.EncryptedPrivateKeyInfo,getKeySpec,0,[]
407,javax.crypto.IllegalBlockSizeException printStackTrace,javax.crypto.IllegalBlockSizeException,printStackTrace,0,[]
408,javax.crypto.KeyGenerator generateKey,javax.crypto.KeyGenerator,generateKey,0,[]
409,javax.crypto.KeyGenerator getInstance,javax.crypto.KeyGenerator,getInstance,0,[]
410,javax.crypto.KeyGenerator init,javax.crypto.KeyGenerator,init,0,[]
411,javax.crypto.Mac getAlgorithm,javax.crypto.Mac,getAlgorithm,0,[]
412,javax.crypto.NoSuchPaddingException printStackTrace,javax.crypto.NoSuchPaddingException,printStackTrace,0,[]
413,javax.crypto.SecretKeyFactory generateSecret,javax.crypto.SecretKeyFactory,generateSecret,0,[]
414,javax.crypto.SecretKeyFactory getInstance,javax.crypto.SecretKeyFactory,getInstance,0,[]
415,javax.crypto.spec.DESedeKeySpec DESedeKeySpec,javax.crypto.spec.DESedeKeySpec,DESedeKeySpec,0,[]
416,javax.crypto.spec.DESKeySpec DESKeySpec,javax.crypto.spec.DESKeySpec,DESKeySpec,0,[]
417,javax.crypto.spec.SecretKeySpec SecretKeySpec,javax.crypto.spec.SecretKeySpec,SecretKeySpec,0,[]
418,javax.net.ssl.HttpsURLConnection setDefaultHostnameVerifier,javax.net.ssl.HttpsURLConnection,setDefaultHostnameVerifier,0,[]
419,org.apache.http.conn.ConnectTimeoutException printStackTrace,org.apache.http.conn.ConnectTimeoutException,printStackTrace,0,[]
420,org.apache.http.params.HttpConnectionParams setStaleCheckingEnabled,org.apache.http.params.HttpConnectionParams,setStaleCheckingEnabled,0,[]
421,org.apache.http.params.HttpParams setIntParameter,org.apache.http.params.HttpParams,setIntParameter,0,[]
422,org.w3c.dom.Element getElementsByTagName,org.w3c.dom.Element,getElementsByTagName,0,[]
423,org.xmlpull.v1.XmlPullParser nextText,org.xmlpull.v1.XmlPullParser,nextText,0,[]
424,org.xmlpull.v1.XmlSerializer setFeature,org.xmlpull.v1.XmlSerializer,setFeature,0,[]
425,org.xmlpull.v1.XmlSerializer text,org.xmlpull.v1.XmlSerializer,text,0,[]
